{
  "Bleu_1": 0.21312196209914522,
  "Bleu_2": 0.11924020704986,
  "Bleu_3": 0.0659628326468434,
  "Bleu_4": 0.038001661307186886,
  "METEOR": 0.10174894511047367,
  "CIDEr": 0.2574158173590593,
  "R-1": 0.2710680404615291,
  "R-2": 0.08292861301294062,
  "R-L": 0.23152554162710454,
  "BERTScore-P": 0.648593008518219,
  "BERTScore-R": 0.6047222018241882,
  "BERTScore-F1": 0.622643768787384,
  "BLEURT": 0.3348394492386778,
  "CLIPScore": 0.8067020753613946
}